RMSE,MAE,Max Abs Error,R^2
1.250485351676159,0.7620227940939185,10.970945062069973,0.9072201723821611
