RMSE,MAE,Max Abs Error,R^2
1.223499152895409,0.7631472158438534,10.210143147001702,0.9059322412052477
