RMSE,MAE,Max Abs Error,R^2
1.1900378132240252,0.7453228400561207,10.114451749030422,0.913235221577607
