RMSE,MAE,Max Abs Error,R^2
1.2940796442617377,0.7716249932945015,12.46706307011084,0.8953637281375848
