RMSE,MAE,Max Abs Error,R^2
1.4137956622117138,0.8851714470713324,10.536606711295292,0.8651140375044366
