RMSE,MAE,Max Abs Error,R^2
1.4132637346490162,0.8840765044153935,11.7479786210327,0.8772871870746514
