RMSE,MAE,Max Abs Error,R^2
1.437742666361,0.7700471825167546,20.757722723444772,0.8655054076402977
