dataset_id,RMSE,MAE,Max Abs Error,R^2
18840905,1.6477020978927612,0.6898937225341797,7.946216583251953,0.5496194362640381
18870704,2.6403372287750244,1.4476186037063599,19.944929122924805,0.5757310390472412
18931102,4.128472805023193,1.7982572317123413,29.168251037597656,-1.6741673946380615
18960629,3.2306246757507324,1.3203458786010742,13.359471321105957,-1.8424127101898193
