RMSE,MAE,Max Abs Error,R^2
1.3494888751687926,0.8615263669272479,11.252970405944268,0.8880659075378179
