RMSE,MAE,Max Abs Error,R^2
1.3882560709539034,0.888378300828915,11.255773720991954,0.8782552930235508
