RMSE,MAE,Max Abs Error,R^2
1.3844374839617215,0.8683306618485026,10.798222082408984,0.8748347603232889
