RMSE,MAE,Max Abs Error,R^2
1.4537848386950554,0.8982539454487593,14.375391828666352,0.8687179661843721
