RMSE,MAE,Max Abs Error,R^2
1.3293594665243698,0.850048467243852,10.440010443126653,0.8860603998694481
