RMSE,MAE,Max Abs Error,R^2
1.5079062448323737,0.8828737525862602,17.287400555193074,0.8422498050858257
