RMSE,MAE,Max Abs Error,R^2
1.371683172134012,0.8524768712867121,11.996591890343552,0.876319381095366
