RMSE,MAE,Max Abs Error,R^2
1.434764585204657,0.8820578281575375,13.630851480326385,0.866696028919033
