RMSE,MAE,Max Abs Error,R^2
1.3803199461727376,0.8864386447631047,10.675850829649733,0.8791980993698809
