RMSE,MAE,Max Abs Error,R^2
1.4138604220520925,0.8889214954547182,10.896533705233196,0.8743103664774962
