RMSE,MAE,Max Abs Error,R^2
1.4238003768024456,0.7648862534219348,19.999934990186773,0.8706600545207651
