RMSE,MAE,Max Abs Error,R^2
1.1902022764426268,0.7327594095237113,11.257916521245534,0.9125501316605097
