RMSE,MAE,Max Abs Error,R^2
1.204020708708393,0.7538281121198499,10.658241923050582,0.9127924012043283
