RMSE,MAE,Max Abs Error,R^2
1.437333865611969,0.7726448122798546,21.939446501846817,0.8681041986043989
