RMSE,MAE,Max Abs Error,R^2
1.4023610110016809,0.888488376817786,11.57850477105643,0.8732341353008574
