RMSE,MAE,Max Abs Error,R^2
1.4051033579992553,0.886955362059665,11.302282559991909,0.871874986405318
