RMSE,MAE,Max Abs Error,R^2
1.486910054832376,0.8771923843469349,18.69704934742299,0.8549562614874964
