RMSE,MAE,Max Abs Error,R^2
1.372386215041201,0.8725169976105102,12.534663585232067,0.8763193263399234
