RMSE,MAE,Max Abs Error,R^2
13.803755760192871,10.062108993530273,43.94316101074219,-0.2986382246017456
