RMSE,MAE,Max Abs Error,R^2
1.295800977155922,0.7944310297651975,10.321091847614525,0.8941071392784465
