RMSE,MAE,Max Abs Error,R^2
2.215217113494873,1.6456069946289062,13.791595458984375,0.5543517470359802
