RMSE,MAE,Max Abs Error,R^2
2.8513138505424043,1.9709365655667928,25.618123899039347,0.5787249870477038
