RMSE,MAE,Max Abs Error,R^2
1.2534657840583276,0.7631286952696774,13.346259481363745,0.9022196023893109
