RMSE,MAE,Max Abs Error,R^2
1.3686122663181204,0.8738376203438429,10.984900030127164,0.8779068099099059
