RMSE,MAE,Max Abs Error,R^2
1.3553992682810694,0.861079073044765,11.058034795751666,0.8782312374854477
