RMSE,MAE,Max Abs Error,R^2
1.3352872018081363,0.8617766094308326,10.631486910379408,0.8826219636871969
