RMSE,MAE,Max Abs Error,R^2
1.4695330621396316,0.8872994377397629,12.893031255817164,0.8632035142226274
