RMSE,MAE,Max Abs Error,R^2
1.445819065011326,0.9075228746907479,11.834033970685027,0.8621916542027841
