RMSE,MAE,Max Abs Error,R^2
1.4029430169286616,0.8724832416870372,10.773741095640787,0.8730684925160301
