RMSE,MAE,Max Abs Error,R^2
26.100050183861768,25.758104002568494,43.763671875,0.0
