RMSE,MAE,Max Abs Error,R^2
1.4231882048264084,0.8814009580274756,13.74507336084497,0.8690892972144861
