RMSE,MAE,Max Abs Error,R^2
1.377653905487179,0.8701029426809054,13.186867415218217,0.8838850330800864
