RMSE,MAE,Max Abs Error,R^2
1.4500798511385078,0.8694664398893686,14.044240519977336,0.8579915671927116
