RMSE,MAE,Max Abs Error,R^2
1.4114054957292725,0.8833663009160575,11.176949173192213,0.8654804197619574
