RMSE,MAE,Max Abs Error,R^2
1.5441541690104004,0.9107927621234048,18.225267059615135,0.8380971075701261
