RMSE,MAE,Max Abs Error,R^2
1.3698518083401643,0.8591541067068935,10.9545010006496,0.8740527097683949
