RMSE,MAE,Max Abs Error,R^2
1.3425317622254296,0.850266884777167,11.252106892705058,0.8893588377846279
