RMSE,MAE,Max Abs Error,R^2
1.4499639702355764,0.891316338348693,12.568748104513475,0.8543946488454615
