RMSE,MAE,Max Abs Error,R^2
1.2292723320839956,0.7448843112137912,10.919055089943242,0.9052280572811673
