RMSE,MAE,Max Abs Error,R^2
1.2806319154488743,0.7820410018425126,10.641645080672447,0.8983166518076463
