RMSE,MAE,Max Abs Error,R^2
1.4823217984073889,0.7866196518146057,21.40572052568075,0.8586700066450493
