RMSE,MAE,Max Abs Error,R^2
1.2293070927175784,0.7596926526650917,10.309948799846325,0.9081446015915954
