RMSE,MAE,Max Abs Error,R^2
1.6069448863696911,0.9199263300370462,17.990857938694603,0.8239815647960287
