RMSE,MAE,Max Abs Error,R^2
1.3614768600888965,0.8565619590112735,12.268542454807857,0.8810508537646313
