RMSE,MAE,Max Abs Error,R^2
1.3049173615440293,0.7788981486053347,10.302256380541564,0.8956525376521071
