RMSE,MAE,Max Abs Error,R^2
1.2475602593055672,0.759689112071875,11.165661574118246,0.903983124659317
