RMSE,MAE,Max Abs Error,R^2
1.4016410568294413,0.8647929749057504,12.619618240401394,0.8698328203725338
