RMSE,MAE,Max Abs Error,R^2
1.5617362098334464,0.9039167361885109,18.04284409310452,0.8311304099756484
