RMSE,MAE,Max Abs Error,R^2
1.1996428520878584,0.7375707243096884,11.491189236636387,0.9131917343723408
