RMSE,MAE,Max Abs Error,R^2
1.1974491959659552,0.7339057040873406,11.032904093276784,0.911531340067363
