RMSE,MAE,Max Abs Error,R^2
1.189885780888385,0.7414746944914298,9.729024950369535,0.919897567055055
