RMSE,MAE,Max Abs Error,R^2
1.2330706190583265,0.7458743371951247,10.301192741906846,0.9064465288925461
