RMSE,MAE,Max Abs Error,R^2
12.81457805633545,10.106624603271484,49.16888427734375,-0.2687523365020752
