RMSE,MAE,Max Abs Error,R^2
1.4407709216927187,0.8898373074846754,12.983609256656734,0.8624542675653303
