RMSE,MAE,Max Abs Error,R^2
1.3740528049902037,0.85974945828534,11.776180373792556,0.8799097090549102
