RMSE,MAE,Max Abs Error,R^2
1.3614986781718952,0.8622022286110768,10.163558471373904,0.8826178172086576
