RMSE,MAE,Max Abs Error,R^2
1.3619656861184783,0.8809442195041254,10.037380656042387,0.8793692187669181
