RMSE,MAE,Max Abs Error,R^2
1.2728006541396029,0.7702587907933472,11.734627006741903,0.9017456182766018
