RMSE,MAE,Max Abs Error,R^2
1.1919657084343915,0.7419004088753991,11.051815484938743,0.9120449452686279
