RMSE,MAE,Max Abs Error,R^2
1.3985316678229345,0.8695612085034921,11.247814727407842,0.8735881173416298
