RMSE,MAE,Max Abs Error,R^2
1.3578012332121083,0.8478284471437496,13.076195258472524,0.88349566170087
