RMSE,MAE,Max Abs Error,R^2
1.3736553529958075,0.8614973830776994,13.461304942199888,0.8752123999489686
