RMSE,MAE,Max Abs Error,R^2
1.4425548846626106,0.9084492013713379,11.6562023407987,0.8663492852281884
