RMSE,MAE,Max Abs Error,R^2
1.4182625588255426,0.7783699815216346,19.941046933158077,0.8608725339361931
