RMSE,MAE,Max Abs Error,R^2
1.269199098304807,0.7783674338104414,12.036137142904465,0.9044168084441943
