RMSE,MAE,Max Abs Error,R^2
1.488488261206788,0.8710815103283069,19.341727208028487,0.8447597352652005
