RMSE,MAE,Max Abs Error,R^2
1.3938274855243256,0.8809285652343222,11.28939114727308,0.8816212151280036
