RMSE,MAE,Max Abs Error,R^2
1.5534808447230184,0.8925978658495144,18.760010248899277,0.8327417184645268
