RMSE,MAE,Max Abs Error,R^2
1.3565681746118934,0.8603930711505471,9.78282710615224,0.8838542486019069
