RMSE,MAE,Max Abs Error,R^2
1.2645040333424753,0.7780824529613347,11.333115747312604,0.9015045082741384
