RMSE,MAE,Max Abs Error,R^2
1.259686165405198,0.7720989073849092,10.4332531182622,0.9021607168012881
