RMSE,MAE,Max Abs Error,R^2
1.4800044015767255,0.8772264561756269,18.43207596725813,0.8523350293367844
