RMSE,MAE,Max Abs Error,R^2
1.3189683623939383,0.8369981924309469,9.399404582030797,0.8907068614875964
