RMSE,MAE,Max Abs Error,R^2
1.4473001529432852,0.890635158488022,12.67265866966494,0.8603923764082507
