RMSE,MAE,Max Abs Error,R^2
1.4288636522148268,0.8984589423434027,13.204947477860344,0.8719539057436309
