RMSE,MAE,Max Abs Error,R^2
1.3702947610810818,0.8690114502993119,13.391088568614748,0.8741997039554956
