RMSE,MAE,Max Abs Error,R^2
1.375399117979759,0.8463193340838442,12.838026590303457,0.8725030914768763
