RMSE,MAE,Max Abs Error,R^2
1.4567870674021994,0.7858576708939107,21.73741616618389,0.8659422719881209
