RMSE,MAE,Max Abs Error,R^2
1.2798024706847784,0.7632101703861365,11.748991219547918,0.8988600746736825
