RMSE,MAE,Max Abs Error,R^2
1.48187290702448,0.8753402341107691,18.867728929297584,0.8531214648777269
