RMSE,MAE,Max Abs Error,R^2
1.4022439040226924,0.8918768079481467,11.104300873840657,0.8664491229293168
