RMSE,MAE,Max Abs Error,R^2
1.3847575015464884,0.8648832127872094,12.711344159860118,0.8737557437624022
