RMSE,MAE,Max Abs Error,R^2
1.5187781929417172,0.894400005905319,17.844548389498016,0.8460512969660372
