RMSE,MAE,Max Abs Error,R^2
1.3764931656678459,0.8706679034142822,12.641849155649197,0.8771174184588221
