RMSE,MAE,Max Abs Error,R^2
1.519488388653737,0.8728451928885118,18.19285548703067,0.8443404784980448
