RMSE,MAE,Max Abs Error,R^2
1.1853223990371677,0.7501686644081011,11.344887990070845,0.9144829097441529
