RMSE,MAE,Max Abs Error,R^2
1.3658860092544964,0.8622633838598763,11.399838255756094,0.8773475012138109
