RMSE,MAE,Max Abs Error,R^2
1.3655490130997947,0.8622033519630381,10.485201628590687,0.8788625199932826
